INSERT INTO estructura (id_elemento,posicion,id_padre,nombre,oculto) VALUES  
('1','1','-1','Temario','0'), 
('2','3','-1','Ejercicios','1'), 
('3','5','-1','Mediateca','0'), 
('4','2','-1','Glosario','1'), 
('5','6','-1','Complemento','0'), 
('6','0','-1','Inicio','0'), 
('7','8','-1','Ayuda','0'), 
('8','4','-1','Simulación','1'), 
('9','7','-1','Juegos','1'), 
('10','0','3','Imágenes','0'), 
('11','1','3','Videos','1'), 
('12','2','3','Sonidos','1'), 
('13','3','3','Animación','1'), 
('15','1','7','Ayuda de Usuario','1'), 
('16','2','7','Créditos','0'), 
('17','1','1','METODOLOGIA DE LA CONSULTA EN APS','0'), 
('18','2','1','METODOLOGIA DEL TERRENO','0'), 
('20','1','10','CONSULTAS Y TERRENO','0'), 
('21','1','5','BIBLIOGRAFÍAS','0'), 
('22','2','10','TRIADAS','0'), 
('23','3','10','MISCELANEA','0');
<endline>
INSERT INTO archivo (id_archivo,id_elemento,nombre,img_remplazo,desc_ampl,desc_peq) VALUES  
('1','20','FB_IMG_16838287175836949.jpg','','',''), 
('2','20','IMG-20220402-WA0052.jpg','','',''), 
('3','20','IMG-20220421-WA0023.jpg','','',''), 
('4','20','IMG-20221117-WA0097.jpg','','',''), 
('5','20','IMG-20230311-WA0072.jpg','','',''), 
('6','20','IMG-20230510-WA0034.jpg','','',''), 
('7','20','IMG-20230510-WA0036.jpg','','',''), 
('8','20','IMG-20230705-WA0018.jpg','','',''), 
('9','20','IMG_20220301_084843.jpg','','',''), 
('10','20','IMG_20220317_111957.jpg','','',''), 
('11','20','IMG_20220317_112217.jpg','','',''), 
('12','20','SAM_3208.JPG','','',''), 
('13','21','Algunos_criterios_Dispensarizacion.pdf','','',''), 
('14','21','COMPONENTES_DE_LA_CONSULTA_DE_PUERICULTURA.pdf','','',''), 
('15','21','Como_escribir_el_examen_fisico.pdf','','',''), 
('16','21','Consulta_de_prematuridad.pdf','','',''), 
('17','21','Consulta_de_puericultura.pdf','','',''), 
('18','21','Crecimento_y_desarrollo._Vacunacion.pdf','','',''), 
('19','21','Escala__geriatrica.pdf','','',''), 
('20','21','Esquema_vacunacion.pdf','','',''), 
('21','21','Examen_periodico_salud_adulto_mayor.pdf','','',''), 
('22','21','GINECOLOGIA_INFANTOJUVENIL_libro.pdf','','',''), 
('23','21','Guia_Atencion_CMF.pdf','','',''), 
('24','21','Ingreso_en_el_hogar.pdf','','',''), 
('25','21','Nuevo_enfoque_RPC.pdf','','',''), 
('26','21','PLANIFICACION_FAMILIAR__y_Pregestograma.pdf','','',''), 
('27','21','Programa_medico_enfermera_familia_2023.pdf','','',''), 
('28','21','null','','',''), 
('29','21','TECNICA_DE_TOMA_DE_MUESTRA_DE_LA_CITOLOGIA.pdf','','',''), 
('30','21','Valoracion_gerontologica.pps','','',''), 
('31','22','1._triada_Guillain_Barre_.jpg','','',''), 
('32','22','1._triada_Mononucleosis_infecciosa.jpg','','',''), 
('33','22','1._triada_apendicular_de_Dieulafov.jpg','','',''), 
('34','22','1._triada_del_sindrome_nefritico.jpg','','',''), 
('35','22','1._triada_del_sind_de_hipertension_endocraneana.jpg','','',''), 
('36','22','1._triada_de_Allen.jpg','','',''), 
('37','22','1._triada_de_Beck_taponamiento_cardiaco.jpg','','',''), 
('38','22','1._triada_de_carcinoma_de_cabeza_de_pancreas.jpg','','',''), 
('39','22','1._triada_de_Charcor,_esclerosis_multiple.jpg','','',''), 
('40','22','1._triada_de_crup.jpg','','',''), 
('41','22','1._triada_de_Cushing.jpg','','',''), 
('42','22','1._triada_de_Cushing._hipertension_endocraneal.jpg','','',''), 
('43','22','1._triada_de_Hello._Sind_de_Hellp.jpg','','',''), 
('44','22','1._triada_de_hiperetension_portal.jpg','','',''), 
('45','22','1._triada_de_Hutchinson._sifilis_congenita.jpg','','',''), 
('46','22','1._triada_de_meningitis.jpg','','',''), 
('47','22','1._triada_de_Miller_Fisher._Guillain_Barre.jpg','','',''), 
('48','22','1._triada_de_Mondor._Aborto_septico.jpg','','',''), 
('49','22','1._triada_de_Murphy.jpg','','',''), 
('50','22','1._triada_de_nuemonia.jpg','','',''), 
('51','22','1._triada_ecologica_de_la_enfermedad.jpg','','',''), 
('52','22','1._triada_encefalopatia.jpg','','',''), 
('53','22','1._triada_volvulo_gastrico.jpg','','',''), 
('54','23','2._Altura_uterina.jpg','','',''), 
('55','23','2._Escala_Norton_riesgo_de_ulceras_decubito.jpg','','',''), 
('56','23','2._Evaluacion_del_neonato.jpg','','',''), 
('57','23','2._Hearts_1.jpg','','',''), 
('58','23','2._Hearts_2.jpg','','',''), 
('59','23','2._Hearts_3.jpg','','',''), 
('60','23','2._Hearts_4.jpg','','',''), 
('61','23','2._Hearts_5.jpg','','',''), 
('62','23','2._SIND_PIE-MANO-BOCA.jpg','','',''), 
('63','23','2._Sindome_de_pie-boca-mano.jpg','','',''), 
('64','23','2._alcoholismo.jpg','','',''), 
('65','23','2._clasificacion_EPOC.jpg','','',''), 
('66','23','2._dias_fertiles.jpg','','',''), 
('67','23','2._edema.jpg','','',''), 
('68','23','2._escarlatina.jpg','','',''), 
('69','23','2._fases_del_trabajo_de_parto.jpg','','',''), 
('70','23','2._maniobras_de_Leopold.jpg','','',''), 
('71','23','2._riesgo_CV_en_Diabetes_tipo_2.jpg','','',''), 
('72','23','2._roseola_infantil.jpg','','',''), 
('73','23','2._rubeola.jpg','','',''), 
('74','23','2._sarampion.jpg','','',''), 
('75','23','2._sindome_de_ovarios_poliquisticos.jpg','','',''), 
('76','23','2._sindrome_anemico.jpg','','',''), 
('77','23','2._sindrome_del_cuello_de_texto.jpg','','',''), 
('78','23','2._trastornos_del_parpado.jpg','','',''), 
('79','23','2._varicela.jpg','','','');
<endline>
INSERT INTO contenido (id_elemento,plantilla,metadata) VALUES  
('1','','{\"href\":\"model/contenido/index.html\",\"icon\":\"fa-book\"}'), 
('2','','{\"href\":\"model/ejercicio/index.html\",\"icon\":\"fa-check\"}'), 
('3','','{\"href\": \"#\", \"icon\": \"fa-desktop\"}'), 
('4','','{\"href\": \"model/glosario/index.html\", \"icon\": \"fa-language\"}'), 
('5','','{\"href\": \"model/galeria/index.html\", \"icon\": \"fa-adjust\"}'), 
('7','','{\"href\": \"#\",  \"icon\": \"fa-question-circle\"}'), 
('8','','{\"href\": \"model/ejercicio/index.html\", \"icon\": \"fa-random\"}'), 
('9','','{\"href\": \"model/galeria/index.html\", \"icon\": \"fa-puzzle-piece\"}'), 
('10','','{\"href\": \"model/galeria/index.html\", \"icon\": \"fa-photo\"}'), 
('11','','{\"href\": \"model/galeria/index.html\", \"icon\": \"fa-film\"}'), 
('12','','{\"href\": \"model/galeria/index.html\", \"icon\": \"fa-headphones\"}'), 
('13','','{\"href\": \"model/galeria/index.html\", \"icon\": \"fa-gamepad\"}'), 
('15','','{\"icon\": \"fa-question\"}'), 
('16','','{\"icon\": \"fa-meh-o\", \"tpl\": \"creditos\"}');
<endline>
INSERT INTO producto (campo,valor) VALUES  
('admin_clave',''), 
('admin_user',''), 
('app_name','MetConsAps'), 
('app_package','cu.ucmho.metconsul'), 
('checkAdminSegura',''), 
('checkColors','on'), 
('checkCSS','on'), 
('checkEstructura','on'), 
('checkLogoProyecto','on'), 
('checkPresentInicio','off'), 
('coleccion',''), 
('colors','{\"primary\":\"\",\"accent\":\"\"}'), 
('disennoLibre',''), 
('logoProyecto','1  IMG-20230411-WA0037.jpg'), 
('mycss','
{}'), 
('nombre',''), 
('titulo','MetConsulAps');
<endline>
